expense_date,category,description,amount,payment_method
2026-01-03,Food,Lunch at cafe,250.00,UPI
2026-01-05,Transport,Metro card recharge,500.00,Card
2026-01-09,Food,Groceries,1250.50,Cash
2026-01-12,Utilities,Electricity bill,1800.00,UPI
2026-01-15,Entertainment,Movie tickets,600.00,Card
2026-01-20,Shopping,Winter jacket,2499.00,Card
2026-01-24,Food,Dinner with friends,950.00,UPI
2026-01-28,Transport,Cab to airport,780.00,UPI
2026-01-12,Food,Dinner,-300.00,UPI
2026-01-15,,Movie ticket,400.00,Card
2026-31-02,Shopping,Headphones,1999.00,Card